city,int_part
اسالم,3.92
اصفهان,12.883575883575883
بابلسر,13.913461538461538
بندرانزلی,10.393120393120393
رامسر,13.153141361256544
رشت,10.759825327510915
ساری,9.373134328358208
سرخرود,5.634285714285714
سوادکوه,8.802690582959642
شیراز,7.016363636363637
شیرگاه,11.25233644859813
تالش/هشتپر,9.66403162055336
تبریز,4.368421052631579
تنکابن/شهسوار,4.371681415929204
تهران,20.773493975903616
فومن,9.76878612716763
قشم,4.893617021276596
قم,16.22972972972973
لاهیجان,12.286343612334802
نوشهر,11.45565749235474
ماسال,12.057692307692308
محمودآباد,15.525210084033612
مشهد,10.05577689243028
متل قو,11.125
کاشان,8.241935483870968
کردان,20.486486486486488
کلاردشت,4.688888888888889
کیش,5.271428571428571
گرگان,13.217391304347826
چالوس,13.119148936170212
یزد,6.243016759776537
